{"client_meta":{"background_color":{"r":0.11764705926179886,"g":0.11764705926179886,"b":0.11764705926179886,"a":1},"thumbnail_size":{"width":179,"height":400},"render_coordinates":{"x":876,"y":-2993,"width":1440,"height":3220}},"file_name":"Assignment-1","developer_related_links":[]}